           km_,   km_count,   km_flags, 
       sSlabel,     eULONG,     eSLONG, 
 0 :    DATA_00,          0,         -1, 
          ,           ,          0, 
          ,           ,          0, 
          ,           ,          0, 
          ,           ,          0, 
          ,           ,          0, 
          ,           ,          0, 
          ,           ,          0, 
          ,           ,          0, 
          ,           ,          0, 
          ,           ,          0, 
          ,           ,          0, 
          ,           ,          0, 
          ,           ,          0, 
          ,           ,          0, 
          ,           ,          0, 
          ,           ,          0, 
          ,           ,          0, 
          ,           ,          0, 
          ,           ,          0, 
          ,           ,          0, 
          ,           ,          0, 
          ,           ,          0, 
          ,           ,          0, 
          ,           ,          0, 
          ,           ,          0, 
          ,           ,          0, 
          ,           ,          0, 
          ,           ,          0, 
          ,           ,          0, 
          ,           ,          0, 
          ,           ,          0, 
          ,           ,          0, 
          ,           ,          0, 
          ,           ,          0, 
          ,           ,          0, 
          ,           ,          0, 
          ,           ,          0, 
          ,           ,          0, 
          ,           ,          0, 
          ,           ,          0, 
          ,           ,          0, 
          ,           ,          0, 
          ,           ,          0, 
          ,           ,          0, 
          ,           ,          0, 
          ,           ,          0, 
          ,           ,          0, 
          ,           ,          0, 
          ,           ,          0, 
          ,           ,          0, 
          ,           ,          0, 
          ,           ,          0, 
          ,           ,          0, 
          ,           ,          0, 
          ,           ,          0, 
          ,           ,          0, 
          ,           ,          0, 
          ,           ,          0, 
          ,           ,          0, 
          ,           ,          0, 
          ,           ,          0, 
          ,           ,          0, 
          ,           ,          0, 

