           km_, km_flag_is_rare, km_flag_is_count_add, km_flag_is_money_add, km_flag_reserve_0, km_flag_reserve_1, km_flag_reserve_2, km_flag_reserve_3, km_flag_reserve_4, km_flag_reserve_5, km_flag_reserve_6, km_flag_reserve_7, km_flag_reserve_8, km_flag_reserve_9, km_flag_reserve_10, km_flag_reserve_11, km_flag_reserve_12, km_flag_reserve_13, km_flag_reserve_14, km_flag_reserve_15, km_flag_reserve_16, km_flag_reserve_17, km_flag_reserve_18, km_flag_reserve_19, km_flag_reserve_20, km_flag_reserve_21, km_flag_reserve_22, km_flag_reserve_23, km_flag_reserve_24, km_flag_reserve_25, km_flag_reserve_26, km_flag_reserve_27, km_flag_reserve_28, 
       sSlabel,     e32bit,     e32bit,     e32bit,     e32bit,     e32bit,     e32bit,     e32bit,     e32bit,     e32bit,     e32bit,     e32bit,     e32bit,     e32bit,     e32bit,     e32bit,     e32bit,     e32bit,     e32bit,     e32bit,     e32bit,     e32bit,     e32bit,     e32bit,     e32bit,     e32bit,     e32bit,     e32bit,     e32bit,     e32bit,     e32bit,     e32bit,     e32bit, 
 0 :    DATA_00,          0,          0,          0,          0,          0,          0,          0,          0,          0,          0,          0,          0,          0,          0,          0,          0,          0,          0,          0,          0,          0,          0,          0,          0,          0,          0,          0,          0,          0,          0,          0,          0, 
 1 :    DATA_01,          0,          0,          0,          0,          0,          0,          0,          0,          0,          0,          0,          0,          0,          0,          0,          0,          0,          0,          0,          0,          0,          0,          0,          0,          0,          0,          0,          0,          0,          0,          0,          0, 
 2 :    DATA_02,          0,          0,          0,          0,          0,          0,          0,          0,          0,          0,          0,          0,          0,          0,          0,          0,          0,          0,          0,          0,          0,          0,          0,          0,          0,          0,          0,          0,          0,          0,          0,          0, 
 3 :    DATA_03,          0,          0,          0,          0,          0,          0,          0,          0,          0,          0,          0,          0,          0,          0,          0,          0,          0,          0,          0,          0,          0,          0,          0,          0,          0,          0,          0,          0,          0,          0,          0,          0, 
 4 :    DATA_04,          0,          0,          0,          0,          0,          0,          0,          0,          0,          0,          0,          0,          0,          0,          0,          0,          0,          0,          0,          0,          0,          0,          0,          0,          0,          0,          0,          0,          0,          0,          0,          0, 
 5 :    DATA_05,          0,          0,          0,          0,          0,          0,          0,          0,          0,          0,          0,          0,          0,          0,          0,          0,          0,          0,          0,          0,          0,          0,          0,          0,          0,          0,          0,          0,          0,          0,          0,          0, 
 6 :    DATA_06,          0,          0,          0,          0,          0,          0,          0,          0,          0,          0,          0,          0,          0,          0,          0,          0,          0,          0,          0,          0,          0,          0,          0,          0,          0,          0,          0,          0,          0,          0,          0,          0, 
 7 :    DATA_07,          0,          0,          0,          0,          0,          0,          0,          0,          0,          0,          0,          0,          0,          0,          0,          0,          0,          0,          0,          0,          0,          0,          0,          0,          0,          0,          0,          0,          0,          0,          0,          0, 
 8 :    DATA_08,          0,          0,          0,          0,          0,          0,          0,          0,          0,          0,          0,          0,          0,          0,          0,          0,          0,          0,          0,          0,          0,          0,          0,          0,          0,          0,          0,          0,          0,          0,          0,          0, 
 9 :    DATA_09,          0,          0,          0,          0,          0,          0,          0,          0,          0,          0,          0,          0,          0,          0,          0,          0,          0,          0,          0,          0,          0,          0,          0,          0,          0,          0,          0,          0,          0,          0,          0,          0, 
10 :       Data,          0,          0,          0,          0,          0,          0,          0,          0,          0,          0,          0,          0,          0,          0,          0,          0,          0,          0,          0,          0,          0,          0,          0,          0,          0,          0,          0,          0,          0,          0,          0,          0, 
11 :       Data,          0,          0,          0,          0,          0,          0,          0,          0,          0,          0,          0,          0,          0,          0,          0,          0,          0,          0,          0,          0,          0,          0,          0,          0,          0,          0,          0,          0,          0,          0,          0,          0, 
12 :       Data,          0,          0,          0,          0,          0,          0,          0,          0,          0,          0,          0,          0,          0,          0,          0,          0,          0,          0,          0,          0,          0,          0,          0,          0,          0,          0,          0,          0,          0,          0,          0,          0, 
13 :       Data,          0,          0,          0,          0,          0,          0,          0,          0,          0,          0,          0,          0,          0,          0,          0,          0,          0,          0,          0,          0,          0,          0,          0,          0,          0,          0,          0,          0,          0,          0,          0,          0, 
14 :       Data,          0,          0,          0,          0,          0,          0,          0,          0,          0,          0,          0,          0,          0,          0,          0,          0,          0,          0,          0,          0,          0,          0,          0,          0,          0,          0,          0,          0,          0,          0,          0,          0, 
15 :       Data,          0,          0,          0,          0,          0,          0,          0,          0,          0,          0,          0,          0,          0,          0,          0,          0,          0,          0,          0,          0,          0,          0,          0,          0,          0,          0,          0,          0,          0,          0,          0,          0, 
16 :       Data,          0,          0,          0,          0,          0,          0,          0,          0,          0,          0,          0,          0,          0,          0,          0,          0,          0,          0,          0,          0,          0,          0,          0,          0,          0,          0,          0,          0,          0,          0,          0,          0, 
17 :       Data,          0,          0,          0,          0,          0,          0,          0,          0,          0,          0,          0,          0,          0,          0,          0,          0,          0,          0,          0,          0,          0,          0,          0,          0,          0,          0,          0,          0,          0,          0,          0,          0, 
18 :       Data,          0,          0,          0,          0,          0,          0,          0,          0,          0,          0,          0,          0,          0,          0,          0,          0,          0,          0,          0,          0,          0,          0,          0,          0,          0,          0,          0,          0,          0,          0,          0,          0, 
19 :       Data,          0,          0,          0,          0,          0,          0,          0,          0,          0,          0,          0,          0,          0,          0,          0,          0,          0,          0,          0,          0,          0,          0,          0,          0,          0,          0,          0,          0,          0,          0,          0,          0, 
20 :       Data,          0,          0,          0,          0,          0,          0,          0,          0,          0,          0,          0,          0,          0,          0,          0,          0,          0,          0,          0,          0,          0,          0,          0,          0,          0,          0,          0,          0,          0,          0,          0,          0, 
21 :       Data,          0,          0,          0,          0,          0,          0,          0,          0,          0,          0,          0,          0,          0,          0,          0,          0,          0,          0,          0,          0,          0,          0,          0,          0,          0,          0,          0,          0,          0,          0,          0,          0, 
22 :       Data,          0,          0,          0,          0,          0,          0,          0,          0,          0,          0,          0,          0,          0,          0,          0,          0,          0,          0,          0,          0,          0,          0,          0,          0,          0,          0,          0,          0,          0,          0,          0,          0, 
23 :       Data,          0,          0,          0,          0,          0,          0,          0,          0,          0,          0,          0,          0,          0,          0,          0,          0,          0,          0,          0,          0,          0,          0,          0,          0,          0,          0,          0,          0,          0,          0,          0,          0, 
24 :       Data,          0,          0,          0,          0,          0,          0,          0,          0,          0,          0,          0,          0,          0,          0,          0,          0,          0,          0,          0,          0,          0,          0,          0,          0,          0,          0,          0,          0,          0,          0,          0,          0, 
25 :       Data,          0,          0,          0,          0,          0,          0,          0,          0,          0,          0,          0,          0,          0,          0,          0,          0,          0,          0,          0,          0,          0,          0,          0,          0,          0,          0,          0,          0,          0,          0,          0,          0, 
26 :       Data,          0,          0,          0,          0,          0,          0,          0,          0,          0,          0,          0,          0,          0,          0,          0,          0,          0,          0,          0,          0,          0,          0,          0,          0,          0,          0,          0,          0,          0,          0,          0,          0, 
27 :       Data,          0,          0,          0,          0,          0,          0,          0,          0,          0,          0,          0,          0,          0,          0,          0,          0,          0,          0,          0,          0,          0,          0,          0,          0,          0,          0,          0,          0,          0,          0,          0,          0, 
28 :       Data,          0,          0,          0,          0,          0,          0,          0,          0,          0,          0,          0,          0,          0,          0,          0,          0,          0,          0,          0,          0,          0,          0,          0,          0,          0,          0,          0,          0,          0,          0,          0,          0, 
29 :       Data,          0,          0,          0,          0,          0,          0,          0,          0,          0,          0,          0,          0,          0,          0,          0,          0,          0,          0,          0,          0,          0,          0,          0,          0,          0,          0,          0,          0,          0,          0,          0,          0, 
30 :       Data,          0,          0,          0,          0,          0,          0,          0,          0,          0,          0,          0,          0,          0,          0,          0,          0,          0,          0,          0,          0,          0,          0,          0,          0,          0,          0,          0,          0,          0,          0,          0,          0, 
31 :       Data,          0,          0,          0,          0,          0,          0,          0,          0,          0,          0,          0,          0,          0,          0,          0,          0,          0,          0,          0,          0,          0,          0,          0,          0,          0,          0,          0,          0,          0,          0,          0,          0, 
32 :       Data,          0,          0,          0,          0,          0,          0,          0,          0,          0,          0,          0,          0,          0,          0,          0,          0,          0,          0,          0,          0,          0,          0,          0,          0,          0,          0,          0,          0,          0,          0,          0,          0, 
33 :       Data,          0,          0,          0,          0,          0,          0,          0,          0,          0,          0,          0,          0,          0,          0,          0,          0,          0,          0,          0,          0,          0,          0,          0,          0,          0,          0,          0,          0,          0,          0,          0,          0, 
34 :       Data,          0,          0,          0,          0,          0,          0,          0,          0,          0,          0,          0,          0,          0,          0,          0,          0,          0,          0,          0,          0,          0,          0,          0,          0,          0,          0,          0,          0,          0,          0,          0,          0, 
35 :       Data,          0,          0,          0,          0,          0,          0,          0,          0,          0,          0,          0,          0,          0,          0,          0,          0,          0,          0,          0,          0,          0,          0,          0,          0,          0,          0,          0,          0,          0,          0,          0,          0, 
36 :       Data,          0,          0,          0,          0,          0,          0,          0,          0,          0,          0,          0,          0,          0,          0,          0,          0,          0,          0,          0,          0,          0,          0,          0,          0,          0,          0,          0,          0,          0,          0,          0,          0, 
37 :       Data,          0,          0,          0,          0,          0,          0,          0,          0,          0,          0,          0,          0,          0,          0,          0,          0,          0,          0,          0,          0,          0,          0,          0,          0,          0,          0,          0,          0,          0,          0,          0,          0, 
38 :       Data,          0,          0,          0,          0,          0,          0,          0,          0,          0,          0,          0,          0,          0,          0,          0,          0,          0,          0,          0,          0,          0,          0,          0,          0,          0,          0,          0,          0,          0,          0,          0,          0, 
39 :       Data,          0,          0,          0,          0,          0,          0,          0,          0,          0,          0,          0,          0,          0,          0,          0,          0,          0,          0,          0,          0,          0,          0,          0,          0,          0,          0,          0,          0,          0,          0,          0,          0, 
40 :       Data,          0,          0,          0,          0,          0,          0,          0,          0,          0,          0,          0,          0,          0,          0,          0,          0,          0,          0,          0,          0,          0,          0,          0,          0,          0,          0,          0,          0,          0,          0,          0,          0, 
41 :       Data,          0,          0,          0,          0,          0,          0,          0,          0,          0,          0,          0,          0,          0,          0,          0,          0,          0,          0,          0,          0,          0,          0,          0,          0,          0,          0,          0,          0,          0,          0,          0,          0, 
42 :       Data,          0,          0,          0,          0,          0,          0,          0,          0,          0,          0,          0,          0,          0,          0,          0,          0,          0,          0,          0,          0,          0,          0,          0,          0,          0,          0,          0,          0,          0,          0,          0,          0, 
43 :       Data,          0,          0,          0,          0,          0,          0,          0,          0,          0,          0,          0,          0,          0,          0,          0,          0,          0,          0,          0,          0,          0,          0,          0,          0,          0,          0,          0,          0,          0,          0,          0,          0, 
44 :       Data,          0,          0,          0,          0,          0,          0,          0,          0,          0,          0,          0,          0,          0,          0,          0,          0,          0,          0,          0,          0,          0,          0,          0,          0,          0,          0,          0,          0,          0,          0,          0,          0, 
45 :       Data,          0,          0,          0,          0,          0,          0,          0,          0,          0,          0,          0,          0,          0,          0,          0,          0,          0,          0,          0,          0,          0,          0,          0,          0,          0,          0,          0,          0,          0,          0,          0,          0, 
46 :       Data,          0,          0,          0,          0,          0,          0,          0,          0,          0,          0,          0,          0,          0,          0,          0,          0,          0,          0,          0,          0,          0,          0,          0,          0,          0,          0,          0,          0,          0,          0,          0,          0, 
47 :       Data,          0,          0,          0,          0,          0,          0,          0,          0,          0,          0,          0,          0,          0,          0,          0,          0,          0,          0,          0,          0,          0,          0,          0,          0,          0,          0,          0,          0,          0,          0,          0,          0, 
48 :       Data,          0,          0,          0,          0,          0,          0,          0,          0,          0,          0,          0,          0,          0,          0,          0,          0,          0,          0,          0,          0,          0,          0,          0,          0,          0,          0,          0,          0,          0,          0,          0,          0, 
49 :       Data,          0,          0,          0,          0,          0,          0,          0,          0,          0,          0,          0,          0,          0,          0,          0,          0,          0,          0,          0,          0,          0,          0,          0,          0,          0,          0,          0,          0,          0,          0,          0,          0, 
50 :       Data,          0,          0,          0,          0,          0,          0,          0,          0,          0,          0,          0,          0,          0,          0,          0,          0,          0,          0,          0,          0,          0,          0,          0,          0,          0,          0,          0,          0,          0,          0,          0,          0, 
51 :       Data,          0,          0,          0,          0,          0,          0,          0,          0,          0,          0,          0,          0,          0,          0,          0,          0,          0,          0,          0,          0,          0,          0,          0,          0,          0,          0,          0,          0,          0,          0,          0,          0, 
52 :       Data,          0,          0,          0,          0,          0,          0,          0,          0,          0,          0,          0,          0,          0,          0,          0,          0,          0,          0,          0,          0,          0,          0,          0,          0,          0,          0,          0,          0,          0,          0,          0,          0, 
53 :       Data,          0,          0,          0,          0,          0,          0,          0,          0,          0,          0,          0,          0,          0,          0,          0,          0,          0,          0,          0,          0,          0,          0,          0,          0,          0,          0,          0,          0,          0,          0,          0,          0, 
54 :       Data,          0,          0,          0,          0,          0,          0,          0,          0,          0,          0,          0,          0,          0,          0,          0,          0,          0,          0,          0,          0,          0,          0,          0,          0,          0,          0,          0,          0,          0,          0,          0,          0, 
55 :       Data,          0,          0,          0,          0,          0,          0,          0,          0,          0,          0,          0,          0,          0,          0,          0,          0,          0,          0,          0,          0,          0,          0,          0,          0,          0,          0,          0,          0,          0,          0,          0,          0, 
56 :       Data,          0,          0,          0,          0,          0,          0,          0,          0,          0,          0,          0,          0,          0,          0,          0,          0,          0,          0,          0,          0,          0,          0,          0,          0,          0,          0,          0,          0,          0,          0,          0,          0, 
57 :       Data,          0,          0,          0,          0,          0,          0,          0,          0,          0,          0,          0,          0,          0,          0,          0,          0,          0,          0,          0,          0,          0,          0,          0,          0,          0,          0,          0,          0,          0,          0,          0,          0, 
58 :       Data,          0,          0,          0,          0,          0,          0,          0,          0,          0,          0,          0,          0,          0,          0,          0,          0,          0,          0,          0,          0,          0,          0,          0,          0,          0,          0,          0,          0,          0,          0,          0,          0, 
59 :       Data,          0,          0,          0,          0,          0,          0,          0,          0,          0,          0,          0,          0,          0,          0,          0,          0,          0,          0,          0,          0,          0,          0,          0,          0,          0,          0,          0,          0,          0,          0,          0,          0, 
60 :       Data,          0,          0,          0,          0,          0,          0,          0,          0,          0,          0,          0,          0,          0,          0,          0,          0,          0,          0,          0,          0,          0,          0,          0,          0,          0,          0,          0,          0,          0,          0,          0,          0, 
61 :       Data,          0,          0,          0,          0,          0,          0,          0,          0,          0,          0,          0,          0,          0,          0,          0,          0,          0,          0,          0,          0,          0,          0,          0,          0,          0,          0,          0,          0,          0,          0,          0,          0, 
62 :       Data,          0,          0,          0,          0,          0,          0,          0,          0,          0,          0,          0,          0,          0,          0,          0,          0,          0,          0,          0,          0,          0,          0,          0,          0,          0,          0,          0,          0,          0,          0,          0,          0, 
63 :       Data,          0,          0,          0,          0,          0,          0,          0,          0,          0,          0,          0,          0,          0,          0,          0,          0,          0,          0,          0,          0,          0,          0,          0,          0,          0,          0,          0,          0,          0,          0,          0,          0, 
64 :       Data,          0,          0,          0,          0,          0,          0,          0,          0,          0,          0,          0,          0,          0,          0,          0,          0,          0,          0,          0,          0,          0,          0,          0,          0,          0,          0,          0,          0,          0,          0,          0,          0, 
65 :       Data,          0,          0,          0,          0,          0,          0,          0,          0,          0,          0,          0,          0,          0,          0,          0,          0,          0,          0,          0,          0,          0,          0,          0,          0,          0,          0,          0,          0,          0,          0,          0,          0, 
66 :       Data,          0,          0,          0,          0,          0,          0,          0,          0,          0,          0,          0,          0,          0,          0,          0,          0,          0,          0,          0,          0,          0,          0,          0,          0,          0,          0,          0,          0,          0,          0,          0,          0, 
67 :       Data,          0,          0,          0,          0,          0,          0,          0,          0,          0,          0,          0,          0,          0,          0,          0,          0,          0,          0,          0,          0,          0,          0,          0,          0,          0,          0,          0,          0,          0,          0,          0,          0, 
68 :       Data,          0,          0,          0,          0,          0,          0,          0,          0,          0,          0,          0,          0,          0,          0,          0,          0,          0,          0,          0,          0,          0,          0,          0,          0,          0,          0,          0,          0,          0,          0,          0,          0, 
69 :       Data,          0,          0,          0,          0,          0,          0,          0,          0,          0,          0,          0,          0,          0,          0,          0,          0,          0,          0,          0,          0,          0,          0,          0,          0,          0,          0,          0,          0,          0,          0,          0,          0, 
70 :       Data,          0,          0,          0,          0,          0,          0,          0,          0,          0,          0,          0,          0,          0,          0,          0,          0,          0,          0,          0,          0,          0,          0,          0,          0,          0,          0,          0,          0,          0,          0,          0,          0, 
71 :       Data,          0,          0,          0,          0,          0,          0,          0,          0,          0,          0,          0,          0,          0,          0,          0,          0,          0,          0,          0,          0,          0,          0,          0,          0,          0,          0,          0,          0,          0,          0,          0,          0, 
72 :       Data,          0,          0,          0,          0,          0,          0,          0,          0,          0,          0,          0,          0,          0,          0,          0,          0,          0,          0,          0,          0,          0,          0,          0,          0,          0,          0,          0,          0,          0,          0,          0,          0, 
73 :       Data,          0,          0,          0,          0,          0,          0,          0,          0,          0,          0,          0,          0,          0,          0,          0,          0,          0,          0,          0,          0,          0,          0,          0,          0,          0,          0,          0,          0,          0,          0,          0,          0, 
74 :       Data,          0,          0,          0,          0,          0,          0,          0,          0,          0,          0,          0,          0,          0,          0,          0,          0,          0,          0,          0,          0,          0,          0,          0,          0,          0,          0,          0,          0,          0,          0,          0,          0, 
75 :       Data,          0,          0,          0,          0,          0,          0,          0,          0,          0,          0,          0,          0,          0,          0,          0,          0,          0,          0,          0,          0,          0,          0,          0,          0,          0,          0,          0,          0,          0,          0,          0,          0, 
76 :       Data,          0,          0,          0,          0,          0,          0,          0,          0,          0,          0,          0,          0,          0,          0,          0,          0,          0,          0,          0,          0,          0,          0,          0,          0,          0,          0,          0,          0,          0,          0,          0,          0, 
77 :       Data,          0,          0,          0,          0,          0,          0,          0,          0,          0,          0,          0,          0,          0,          0,          0,          0,          0,          0,          0,          0,          0,          0,          0,          0,          0,          0,          0,          0,          0,          0,          0,          0, 
78 :       Data,          0,          0,          0,          0,          0,          0,          0,          0,          0,          0,          0,          0,          0,          0,          0,          0,          0,          0,          0,          0,          0,          0,          0,          0,          0,          0,          0,          0,          0,          0,          0,          0, 
79 :       Data,          0,          0,          0,          0,          0,          0,          0,          0,          0,          0,          0,          0,          0,          0,          0,          0,          0,          0,          0,          0,          0,          0,          0,          0,          0,          0,          0,          0,          0,          0,          0,          0, 
80 :       Data,          0,          0,          0,          0,          0,          0,          0,          0,          0,          0,          0,          0,          0,          0,          0,          0,          0,          0,          0,          0,          0,          0,          0,          0,          0,          0,          0,          0,          0,          0,          0,          0, 
81 :       Data,          0,          0,          0,          0,          0,          0,          0,          0,          0,          0,          0,          0,          0,          0,          0,          0,          0,          0,          0,          0,          0,          0,          0,          0,          0,          0,          0,          0,          0,          0,          0,          0, 
82 :       Data,          0,          0,          0,          0,          0,          0,          0,          0,          0,          0,          0,          0,          0,          0,          0,          0,          0,          0,          0,          0,          0,          0,          0,          0,          0,          0,          0,          0,          0,          0,          0,          0, 
83 :       Data,          0,          0,          0,          0,          0,          0,          0,          0,          0,          0,          0,          0,          0,          0,          0,          0,          0,          0,          0,          0,          0,          0,          0,          0,          0,          0,          0,          0,          0,          0,          0,          0, 
84 :       Data,          0,          0,          0,          0,          0,          0,          0,          0,          0,          0,          0,          0,          0,          0,          0,          0,          0,          0,          0,          0,          0,          0,          0,          0,          0,          0,          0,          0,          0,          0,          0,          0, 
85 :       Data,          0,          0,          0,          0,          0,          0,          0,          0,          0,          0,          0,          0,          0,          0,          0,          0,          0,          0,          0,          0,          0,          0,          0,          0,          0,          0,          0,          0,          0,          0,          0,          0, 
86 :       Data,          0,          0,          0,          0,          0,          0,          0,          0,          0,          0,          0,          0,          0,          0,          0,          0,          0,          0,          0,          0,          0,          0,          0,          0,          0,          0,          0,          0,          0,          0,          0,          0, 
87 :       Data,          0,          0,          0,          0,          0,          0,          0,          0,          0,          0,          0,          0,          0,          0,          0,          0,          0,          0,          0,          0,          0,          0,          0,          0,          0,          0,          0,          0,          0,          0,          0,          0, 
88 :       Data,          0,          0,          0,          0,          0,          0,          0,          0,          0,          0,          0,          0,          0,          0,          0,          0,          0,          0,          0,          0,          0,          0,          0,          0,          0,          0,          0,          0,          0,          0,          0,          0, 
89 :       Data,          0,          0,          0,          0,          0,          0,          0,          0,          0,          0,          0,          0,          0,          0,          0,          0,          0,          0,          0,          0,          0,          0,          0,          0,          0,          0,          0,          0,          0,          0,          0,          0, 
90 :       Data,          0,          0,          0,          0,          0,          0,          0,          0,          0,          0,          0,          0,          0,          0,          0,          0,          0,          0,          0,          0,          0,          0,          0,          0,          0,          0,          0,          0,          0,          0,          0,          0, 
91 :       Data,          0,          0,          0,          0,          0,          0,          0,          0,          0,          0,          0,          0,          0,          0,          0,          0,          0,          0,          0,          0,          0,          0,          0,          0,          0,          0,          0,          0,          0,          0,          0,          0, 
92 :       Data,          0,          0,          0,          0,          0,          0,          0,          0,          0,          0,          0,          0,          0,          0,          0,          0,          0,          0,          0,          0,          0,          0,          0,          0,          0,          0,          0,          0,          0,          0,          0,          0, 
93 :       Data,          0,          0,          0,          0,          0,          0,          0,          0,          0,          0,          0,          0,          0,          0,          0,          0,          0,          0,          0,          0,          0,          0,          0,          0,          0,          0,          0,          0,          0,          0,          0,          0, 
94 :       Data,          0,          0,          0,          0,          0,          0,          0,          0,          0,          0,          0,          0,          0,          0,          0,          0,          0,          0,          0,          0,          0,          0,          0,          0,          0,          0,          0,          0,          0,          0,          0,          0, 
95 :       Data,          0,          0,          0,          0,          0,          0,          0,          0,          0,          0,          0,          0,          0,          0,          0,          0,          0,          0,          0,          0,          0,          0,          0,          0,          0,          0,          0,          0,          0,          0,          0,          0, 
96 :       Data,          0,          0,          0,          0,          0,          0,          0,          0,          0,          0,          0,          0,          0,          0,          0,          0,          0,          0,          0,          0,          0,          0,          0,          0,          0,          0,          0,          0,          0,          0,          0,          0, 
97 :       Data,          0,          0,          0,          0,          0,          0,          0,          0,          0,          0,          0,          0,          0,          0,          0,          0,          0,          0,          0,          0,          0,          0,          0,          0,          0,          0,          0,          0,          0,          0,          0,          0, 
98 :       Data,          0,          0,          0,          0,          0,          0,          0,          0,          0,          0,          0,          0,          0,          0,          0,          0,          0,          0,          0,          0,          0,          0,          0,          0,          0,          0,          0,          0,          0,          0,          0,          0, 
99 :       Data,          0,          0,          0,          0,          0,          0,          0,          0,          0,          0,          0,          0,          0,          0,          0,          0,          0,          0,          0,          0,          0,          0,          0,          0,          0,          0,          0,          0,          0,          0,          0,          0, 
100 :       Data,          0,          0,          0,          0,          0,          0,          0,          0,          0,          0,          0,          0,          0,          0,          0,          0,          0,          0,          0,          0,          0,          0,          0,          0,          0,          0,          0,          0,          0,          0,          0,          0, 
101 :       Data,          0,          0,          0,          0,          0,          0,          0,          0,          0,          0,          0,          0,          0,          0,          0,          0,          0,          0,          0,          0,          0,          0,          0,          0,          0,          0,          0,          0,          0,          0,          0,          0, 
102 :       Data,          0,          0,          0,          0,          0,          0,          0,          0,          0,          0,          0,          0,          0,          0,          0,          0,          0,          0,          0,          0,          0,          0,          0,          0,          0,          0,          0,          0,          0,          0,          0,          0, 
103 :       Data,          0,          0,          0,          0,          0,          0,          0,          0,          0,          0,          0,          0,          0,          0,          0,          0,          0,          0,          0,          0,          0,          0,          0,          0,          0,          0,          0,          0,          0,          0,          0,          0, 
104 :       Data,          0,          0,          0,          0,          0,          0,          0,          0,          0,          0,          0,          0,          0,          0,          0,          0,          0,          0,          0,          0,          0,          0,          0,          0,          0,          0,          0,          0,          0,          0,          0,          0, 
105 :       Data,          0,          0,          0,          0,          0,          0,          0,          0,          0,          0,          0,          0,          0,          0,          0,          0,          0,          0,          0,          0,          0,          0,          0,          0,          0,          0,          0,          0,          0,          0,          0,          0, 
106 :       Data,          0,          0,          0,          0,          0,          0,          0,          0,          0,          0,          0,          0,          0,          0,          0,          0,          0,          0,          0,          0,          0,          0,          0,          0,          0,          0,          0,          0,          0,          0,          0,          0, 
107 :       Data,          0,          0,          0,          0,          0,          0,          0,          0,          0,          0,          0,          0,          0,          0,          0,          0,          0,          0,          0,          0,          0,          0,          0,          0,          0,          0,          0,          0,          0,          0,          0,          0, 
108 :       Data,          0,          0,          0,          0,          0,          0,          0,          0,          0,          0,          0,          0,          0,          0,          0,          0,          0,          0,          0,          0,          0,          0,          0,          0,          0,          0,          0,          0,          0,          0,          0,          0, 
109 :       Data,          0,          0,          0,          0,          0,          0,          0,          0,          0,          0,          0,          0,          0,          0,          0,          0,          0,          0,          0,          0,          0,          0,          0,          0,          0,          0,          0,          0,          0,          0,          0,          0, 
110 :       Data,          0,          0,          0,          0,          0,          0,          0,          0,          0,          0,          0,          0,          0,          0,          0,          0,          0,          0,          0,          0,          0,          0,          0,          0,          0,          0,          0,          0,          0,          0,          0,          0, 
111 :       Data,          0,          0,          0,          0,          0,          0,          0,          0,          0,          0,          0,          0,          0,          0,          0,          0,          0,          0,          0,          0,          0,          0,          0,          0,          0,          0,          0,          0,          0,          0,          0,          0, 
112 :       Data,          0,          0,          0,          0,          0,          0,          0,          0,          0,          0,          0,          0,          0,          0,          0,          0,          0,          0,          0,          0,          0,          0,          0,          0,          0,          0,          0,          0,          0,          0,          0,          0, 
113 :       Data,          0,          0,          0,          0,          0,          0,          0,          0,          0,          0,          0,          0,          0,          0,          0,          0,          0,          0,          0,          0,          0,          0,          0,          0,          0,          0,          0,          0,          0,          0,          0,          0, 
114 :       Data,          0,          0,          0,          0,          0,          0,          0,          0,          0,          0,          0,          0,          0,          0,          0,          0,          0,          0,          0,          0,          0,          0,          0,          0,          0,          0,          0,          0,          0,          0,          0,          0, 
115 :       Data,          0,          0,          0,          0,          0,          0,          0,          0,          0,          0,          0,          0,          0,          0,          0,          0,          0,          0,          0,          0,          0,          0,          0,          0,          0,          0,          0,          0,          0,          0,          0,          0, 
116 :       Data,          0,          0,          0,          0,          0,          0,          0,          0,          0,          0,          0,          0,          0,          0,          0,          0,          0,          0,          0,          0,          0,          0,          0,          0,          0,          0,          0,          0,          0,          0,          0,          0, 
117 :       Data,          0,          0,          0,          0,          0,          0,          0,          0,          0,          0,          0,          0,          0,          0,          0,          0,          0,          0,          0,          0,          0,          0,          0,          0,          0,          0,          0,          0,          0,          0,          0,          0, 
118 :       Data,          0,          0,          0,          0,          0,          0,          0,          0,          0,          0,          0,          0,          0,          0,          0,          0,          0,          0,          0,          0,          0,          0,          0,          0,          0,          0,          0,          0,          0,          0,          0,          0, 
119 :       Data,          0,          0,          0,          0,          0,          0,          0,          0,          0,          0,          0,          0,          0,          0,          0,          0,          0,          0,          0,          0,          0,          0,          0,          0,          0,          0,          0,          0,          0,          0,          0,          0, 
120 :       Data,          0,          0,          0,          0,          0,          0,          0,          0,          0,          0,          0,          0,          0,          0,          0,          0,          0,          0,          0,          0,          0,          0,          0,          0,          0,          0,          0,          0,          0,          0,          0,          0, 
121 :       Data,          0,          0,          0,          0,          0,          0,          0,          0,          0,          0,          0,          0,          0,          0,          0,          0,          0,          0,          0,          0,          0,          0,          0,          0,          0,          0,          0,          0,          0,          0,          0,          0, 
122 :       Data,          0,          0,          0,          0,          0,          0,          0,          0,          0,          0,          0,          0,          0,          0,          0,          0,          0,          0,          0,          0,          0,          0,          0,          0,          0,          0,          0,          0,          0,          0,          0,          0, 
123 :       Data,          0,          0,          0,          0,          0,          0,          0,          0,          0,          0,          0,          0,          0,          0,          0,          0,          0,          0,          0,          0,          0,          0,          0,          0,          0,          0,          0,          0,          0,          0,          0,          0, 
124 :       Data,          0,          0,          0,          0,          0,          0,          0,          0,          0,          0,          0,          0,          0,          0,          0,          0,          0,          0,          0,          0,          0,          0,          0,          0,          0,          0,          0,          0,          0,          0,          0,          0, 
125 :       Data,          0,          0,          0,          0,          0,          0,          0,          0,          0,          0,          0,          0,          0,          0,          0,          0,          0,          0,          0,          0,          0,          0,          0,          0,          0,          0,          0,          0,          0,          0,          0,          0, 
126 :       Data,          0,          0,          0,          0,          0,          0,          0,          0,          0,          0,          0,          0,          0,          0,          0,          0,          0,          0,          0,          0,          0,          0,          0,          0,          0,          0,          0,          0,          0,          0,          0,          0, 
127 :       Data,          0,          0,          0,          0,          0,          0,          0,          0,          0,          0,          0,          0,          0,          0,          0,          0,          0,          0,          0,          0,          0,          0,          0,          0,          0,          0,          0,          0,          0,          0,          0,          0, 

