           km_, km_StrNo_pkg_name, 
       sSlabel,    eString, 
 0 : SE_Resident_00,      83046, 
 1 : MOTION_Resident00_AS,      83047, 
 2 : MOTION_Resident00_AT,      83048, 
 3 : MOTION_Resident00_PH,      83049, 
 4 : MOTION_Resident01_AS,      83050, 
 5 : MOTION_Resident01_AT,      83051, 
 6 : MOTION_Resident01_PH,      83052, 
 7 : MOTION_Resident02_AS,      83053, 
 8 : MOTION_Resident02_AT,      83054, 
 9 : MOTION_Resident02_PH,      83055, 
10 : MOTION_Resident03_AS,      83056, 
11 : MOTION_Resident03_AT,      83057, 
12 : MOTION_Resident03_PH,      83058, 
13 : MOTION_Resident04_AS,      83059, 
14 : MOTION_Resident04_AT,      83060, 
15 : MOTION_Resident04_PH,      83061, 
16 : MOTION_Resident05_AS,      83062, 
17 : MOTION_Resident05_AT,      83063, 
18 : MOTION_Resident05_PH,      83064, 

